,pref_equity,pref_bonds,pref_alts,pref_cash
1501,82.287445,4.858873,12.316086,0.5375946
2586,85.019684,0.0,14.98031,0.0
2653,86.541794,0.0,13.101787,0.3564141
1055,69.79856,16.658636,13.232243,0.31055626
705,85.61544,0.0,14.3454685,0.039096743
106,86.3773,0.0,13.622708,0.0
589,61.590946,23.966639,13.859044,0.5833673
2468,73.44417,10.986291,15.025592,0.5439438
2413,64.70942,24.595884,10.153824,0.5408707
1600,86.32808,0.0,13.614984,0.056942575
2464,63.63753,22.031218,13.740346,0.5909041
228,79.17554,7.2441564,13.155076,0.4252366
915,66.73428,18.606976,14.419852,0.23888971
794,80.329124,3.8460054,15.451734,0.3731309
3021,65.112076,19.159502,15.512997,0.21542382
3543,86.57471,0.0,13.329924,0.09537495
1073,87.02707,1.2661965,11.436257,0.2704727
3351,82.95975,4.376976,12.23638,0.4269017
1744,81.537926,4.5204253,13.565795,0.37584636
1084,72.66487,16.87903,9.577291,0.87880296
926,72.672745,15.536253,9.60557,2.1854339
3049,85.92109,0.0,13.907469,0.1714465
1117,85.61427,0.0,14.304714,0.08101297
642,72.60076,11.602865,15.616088,0.18028082
4767,77.43414,10.545992,10.043211,1.9766569
501,83.89223,3.029093,12.694466,0.38420957
4066,59.092133,30.851395,10.056471,0.0
333,84.25976,0.0,15.611729,0.12851742
4684,88.42627,0.0,11.282156,0.29157585
486,60.99434,26.235432,11.058566,1.7116675
1962,75.47089,9.123886,15.116152,0.28907683
393,77.998726,8.079449,13.533035,0.38878918
4842,79.80568,6.927298,12.12044,1.1465853
4866,86.90004,0.0,13.031197,0.06876513
1755,85.36178,0.0,14.116077,0.52214336
2515,71.82964,15.463188,11.757887,0.94928604
3585,86.621414,0.0,13.378583,0.0
4315,82.85526,1.286443,15.576085,0.28220257
4966,62.99499,23.714827,12.376738,0.9134494
2099,76.82536,8.792408,14.30028,0.08194462
3599,85.21355,0.0,14.732699,0.053755574
4121,82.793236,0.6817038,16.523085,0.0019784316
29,85.88956,0.0,14.029201,0.081242554
65,67.63337,17.80081,14.309814,0.2560165
838,82.51099,2.676242,14.763792,0.048971426
3906,57.68931,29.787222,11.477042,1.0464264
3773,85.848145,0.0,14.088601,0.06325147
4635,62.39677,24.713886,11.805587,1.0837526
3161,65.18666,23.262375,10.352586,1.1983747
2659,86.69728,0.0,13.191605,0.11111297
4615,77.99131,7.7817335,13.914082,0.31286877
4628,75.121,9.7997265,14.980515,0.09875315
2451,84.78132,2.7314641,12.065018,0.4221987
2846,78.22054,9.523351,11.50719,0.7489225
1144,74.18822,10.849599,14.812535,0.14964716
3078,86.762344,0.0,13.022929,0.21472827
1103,84.45074,0.0,15.474166,0.07510454
168,79.75083,6.006251,13.881786,0.3611315
1670,42.860657,46.687145,8.713933,1.7382616
2570,84.07094,0.0,15.829047,0.10001089
2377,55.736584,32.408924,9.795302,2.0591927
4395,81.62055,7.4279346,10.115187,0.8363335
4257,82.49649,2.1230645,15.063479,0.31696475
3862,86.737495,1.3144035,11.729398,0.21870537
23,66.01445,20.55272,12.874532,0.5582947
2633,80.839,4.990001,13.860734,0.31026474
3340,80.1482,7.128212,12.408256,0.31533372
2215,67.6226,18.931406,12.828761,0.6172349
3682,50.8699,36.41428,11.56504,1.1507797
4724,59.792255,25.69983,14.0854,0.42251876
1907,85.88574,0.0,14.047471,0.06678771
84,85.8106,0.0,14.189402,0.0
227,86.47154,0.0,13.5284605,0.0
296,74.07154,13.817628,10.375684,1.7351456
1001,86.440025,0.0,13.44126,0.11871623
2138,85.09613,1.150104,13.555638,0.19811913
711,60.95342,25.213083,13.530944,0.30254856
2801,79.40161,5.3070374,15.168161,0.12319243
2527,75.25575,10.358502,14.241275,0.1444705
3752,58.55301,29.645672,10.064417,1.7369006
3321,83.75382,0.0,16.168434,0.077744
3181,86.17636,0.0,13.823641,0.0
4183,88.08816,0.12688655,11.543728,0.24122617
1615,77.1073,6.1248345,16.513262,0.25460833
3024,71.30229,15.4985485,12.425873,0.773288
1413,86.88413,0.0,13.084987,0.030878192
763,83.90206,0.0,16.04803,0.04990751
655,77.85262,11.643548,9.508949,0.9948833
4797,84.74241,0.0,15.205563,0.052026667
3849,69.76572,15.171207,14.470082,0.5929919
4153,74.25678,11.064648,14.462834,0.21573293
468,86.110916,0.0,13.346629,0.542453
157,86.12101,0.0,13.750672,0.12831433
1295,85.03569,0.0,14.593472,0.37084568
497,84.7697,1.0745566,13.982408,0.17333336
4740,68.27367,16.853336,14.556535,0.31645378
2940,86.135925,0.0,13.72348,0.14059822
3456,84.10098,0.0,15.840065,0.05895657
373,86.930954,0.0,13.036331,0.03271635
79,82.932594,1.4433832,15.470184,0.15383148
1553,77.95502,7.0228686,14.901248,0.12086626
1669,86.89673,0.0,12.978326,0.1249487
2131,86.24356,0.0,13.756447,0.0
4439,86.02672,0.0,13.64713,0.32614762
465,59.275932,26.678335,13.767825,0.27790496
248,67.47881,16.784828,15.525383,0.21097839
931,82.61714,3.3399477,13.850305,0.19260786
1335,75.2824,9.361521,15.094265,0.26181152
4524,79.554665,6.180279,14.023047,0.24201809
1338,74.39313,11.375905,13.708188,0.52277064
1406,81.70155,5.710482,11.875953,0.71199965
1090,85.757225,0.0,14.192165,0.05060698
4209,79.80928,4.8335466,15.253687,0.10348
742,79.69833,10.559039,8.591415,1.1512161
2323,87.38609,0.0,12.613908,0.0
3601,72.78465,14.36763,11.84746,1.0002551
2123,82.103226,4.3696656,13.267671,0.25944263
2094,86.242325,0.0,13.51102,0.2466629
240,86.757034,0.0,13.24296,0.0
2351,85.715935,0.0,14.284067,0.0
1370,82.021675,2.4499114,15.023724,0.5046899
1057,74.89043,13.426161,10.670841,1.0125718
4816,85.00199,0.0,14.95556,0.042448226
199,84.0542,0.0,15.881512,0.064289585
2280,87.359665,0.0,12.640331,0.0
4749,73.429596,12.3912,13.647453,0.53174543
2220,84.69984,0.0,15.043277,0.25688362
4771,85.86486,0.0,14.135141,0.0
2819,84.9645,0.0,15.032211,0.0032911245
3150,84.38232,0.0,15.501287,0.11640021
4256,72.74731,13.099882,13.644545,0.50825757
3107,84.60224,0.0,15.36195,0.035810206
1973,87.013405,0.0,12.883483,0.10310716
1375,76.94461,6.837061,16.033722,0.18461289
3968,84.133484,0.0,15.728892,0.13762769
4062,75.186806,10.232921,14.272125,0.30814937
4445,86.332344,0.0,13.66268,0.004975126
3557,86.44839,0.0,13.551609,0.0
964,72.733215,12.395794,14.467552,0.40342993
179,65.1892,20.96452,12.817971,1.0283132
3698,66.29343,18.27117,13.989082,1.4463192
3821,88.3147,0.0,11.361879,0.32342443
4878,66.981316,18.431854,13.911286,0.6755455
3899,83.72163,0.0,16.232208,0.04616421
4487,86.33733,0.0,13.538152,0.12451033
3238,86.63498,0.0,13.208895,0.15611786
2974,85.07182,0.0,14.928171,0.0
3580,85.23269,0.0,14.47088,0.29642883
2887,82.32794,2.176959,15.092225,0.4028803
2575,67.373314,21.582788,8.931243,2.112669
1419,85.07998,0.0,14.920017,0.0
3907,86.67898,0.0,13.156102,0.16492377
4673,74.324745,12.65652,12.585352,0.43337503
4902,86.98312,0.0,13.016883,0.0
1860,69.05511,18.70607,10.038919,2.199902
8,85.25737,0.0,14.677201,0.06543229
2894,71.90904,12.933761,14.893778,0.26341894
2847,86.87682,0.0,12.948092,0.17508402
3664,69.021454,17.878294,12.704645,0.39561364
144,83.15437,1.8890401,14.891561,0.06502657
2104,72.71012,13.68022,12.904924,0.70473415
3143,84.97334,0.83122355,13.998397,0.19704115
841,84.36757,0.0,15.63243,0.0
1128,72.97277,14.70912,10.172849,2.1452565
151,86.12444,0.0,13.860728,0.014831372
3591,85.59787,0.0,14.402132,0.0
1052,61.95113,26.286089,10.36502,1.3977573
1590,85.39233,0.0,14.603109,0.0045662476
3008,51.688446,37.464214,9.2406225,1.60672
2029,73.69228,11.356633,14.584076,0.36701462
3418,85.189705,0.0,14.810292,0.0
1807,86.087944,0.0,13.893077,0.018979244
2696,77.83901,7.741532,14.096372,0.3230891
3039,72.92082,12.730522,13.988103,0.36055005
472,74.775826,10.968489,14.153114,0.10257524
3289,84.81158,1.1436831,13.830831,0.21392228
4074,66.54507,20.931108,10.722584,1.8012359
3496,86.09769,0.0,13.902314,0.0
279,81.8698,2.2148104,15.740283,0.1751095
1741,86.1643,0.0,13.777002,0.05869523
4624,66.592316,21.810131,11.068506,0.52904594
2886,85.836,0.0,14.064413,0.09958844
1941,85.11313,0.0,14.886874,0.0
100,72.32143,14.391729,12.417663,0.86918974
2804,72.648994,13.050861,14.056052,0.24409324
3570,84.71387,0.8646672,14.003507,0.4179617
3684,76.51477,10.700726,12.389755,0.39475417
3661,84.71201,0.18109581,15.036014,0.07087833
530,84.83177,0.0,15.168229,0.0
1886,64.70691,22.881529,11.3001995,1.1113596
681,84.949585,0.0,15.050419,0.0
3794,85.67034,0.0,14.234831,0.09483104
3944,69.90913,15.694523,13.755787,0.6405658
4666,79.35204,10.357,9.577361,0.7135917
2018,64.00059,21.630249,13.057693,1.3114718
1096,84.27146,3.4545076,11.95347,0.32055813
829,71.8536,14.020705,13.8459425,0.27975893
2805,85.3685,0.0,14.631502,0.0
3829,85.71599,0.0,14.245689,0.038323026
4381,73.36595,14.293615,11.420279,0.92015433
3891,63.998962,21.590181,13.70399,0.70687276
764,77.386894,10.050847,11.277962,1.2842892
2767,59.061424,28.419464,11.4309025,1.0882013
4328,72.45525,13.134877,14.000362,0.40950525
3295,84.219604,0.0,15.759277,0.021122573
2194,85.96044,0.0,14.026626,0.012930151
2357,86.63001,0.0,13.3699875,0.0
3425,87.07366,0.0,12.858958,0.067381516
3979,87.49957,0.0,12.500426,0.0
911,86.554565,0.88430697,12.272866,0.2882544
3145,84.43547,0.0,15.564528,0.0
999,85.92209,0.0,14.077102,0.00080141553
3653,67.477455,20.589102,9.835976,2.0974631
2483,84.856155,0.0,15.023645,0.12019945
4076,82.4843,1.9124991,15.603201,0.0
2370,85.14555,0.0,14.854447,0.0
4838,70.66492,16.486336,11.854575,0.9941757
33,84.55073,0.0,15.391321,0.057950657
3789,71.70084,14.087611,13.793771,0.41776443
1020,47.0037,41.454525,10.135173,1.4066089
1647,76.45873,9.061418,14.149332,0.33051854
733,71.50346,14.151357,13.727814,0.6173695
4582,86.69437,0.0,13.254617,0.05102033
3274,83.357956,2.220267,14.349736,0.07203859
1620,72.480865,15.409379,11.57004,0.5397059
3135,85.54155,0.0,14.349744,0.108714014
2689,85.49202,0.578142,13.863276,0.066561654
2707,82.18501,1.1192309,16.468012,0.227747
297,70.822624,15.070018,13.772653,0.33470386
2339,63.85334,27.242666,7.532239,1.3717508
653,73.9992,13.441507,11.772222,0.78706425
3774,52.25598,34.68633,11.735251,1.3224349
1255,80.891014,6.541492,11.837423,0.7300656
4520,86.67002,1.2640427,11.777265,0.2886768
230,59.917892,26.721066,12.75547,0.6055743
3276,72.84842,11.959191,15.09611,0.096285254
3230,60.295563,25.942177,13.433361,0.3288971
691,83.66971,2.71919,13.420836,0.190258
2754,84.78902,0.0,15.183115,0.027868701
4863,83.341805,2.3245716,14.1671915,0.166428
969,75.78931,10.04548,14.072535,0.0926715
633,86.199554,0.0,13.800442,0.0
4092,70.769875,14.83956,13.916008,0.4745516
4077,74.71166,9.776591,15.415251,0.09649557
1321,62.969482,24.016008,12.09973,0.91478294
1831,64.4957,23.93275,10.266731,1.3048149
2178,75.07729,12.023851,12.249424,0.64942783
1417,85.48516,0.0,14.514835,0.0
1782,71.41878,15.155263,12.9811125,0.44483864
4715,51.92119,35.589314,11.456394,1.0331084
4701,67.756775,19.208134,12.191742,0.84335434
4118,86.131424,0.0,13.856654,0.011919236
1652,77.29341,8.682539,13.83178,0.19227
1483,86.21577,0.0,13.784231,0.0
2275,85.37217,0.899953,13.597867,0.13001016
877,71.61142,16.847765,10.438032,1.1027833
3525,55.335457,33.838287,8.314764,2.5114949
2016,79.70059,6.946682,12.157347,1.1953726
426,33.977776,54.763084,9.736971,1.52217
626,81.51522,2.7714984,15.43394,0.2793339
1589,85.99451,0.0,13.895871,0.10962421
2223,85.17768,0.0,14.683755,0.1385623
2217,85.058266,0.0,14.858599,0.08313527
4483,74.535706,11.14155,13.798571,0.5241763
1485,79.30525,6.1150002,14.447266,0.13248071
1739,79.208466,6.418065,14.0465975,0.32687837
2480,86.51305,0.0,13.473842,0.013109348
2584,85.60717,0.0,14.35855,0.034277823
2893,59.517757,28.761164,10.685621,1.0354586
149,81.47109,6.396458,11.368891,0.76355624
676,82.19055,2.6924314,14.985287,0.13172688
1261,77.07126,8.87032,13.656862,0.40155676
4917,84.98109,0.0,15.018906,0.0
12,81.44004,1.9292953,16.407356,0.2233064
1833,86.615845,0.0,13.289435,0.094719514
3248,84.183266,0.0,15.679048,0.13768989
1491,78.40547,6.2825227,15.293539,0.018469334
2727,87.20863,0.0,12.704831,0.08653942
3686,85.71773,0.0,14.265466,0.016808653
1424,56.441975,33.41305,8.327442,1.8175321
4605,75.806755,11.123022,12.430551,0.63967955
4595,85.78516,0.0,14.214848,0.0
731,79.11186,6.6236916,13.866289,0.3981567
1231,81.19879,6.2472415,12.044455,0.5095099
1634,85.26096,0.0,14.739034,0.0
3936,72.87019,12.866175,14.066914,0.19671689
1210,84.37536,0.0,15.61008,0.0145614715
3268,79.15045,6.295681,14.454673,0.09919306
1934,79.31217,6.1291637,14.48218,0.07648987
553,82.1998,3.6012747,14.035639,0.16328005
491,75.76287,9.534607,14.262746,0.43977854
2962,80.37222,5.222381,14.213499,0.19189271
2329,58.403706,27.099695,14.177593,0.319004
2195,87.20168,0.0,12.798315,0.0
3064,87.06955,0.0,12.8930855,0.03735435
657,67.17142,19.772131,11.714796,1.3416504
2374,86.567444,0.0,13.323702,0.108855836
2225,78.37976,7.856843,13.41958,0.34381494
4264,84.60308,1.1891346,13.938311,0.26946926
1170,83.85943,2.091135,13.921112,0.12832476
132,56.08906,31.138828,11.885948,0.88616514
471,60.54089,26.353937,11.984316,1.1208683
3225,84.51353,0.0,15.48647,0.0
1405,86.47763,0.0,13.5223675,0.0
2876,70.42881,12.381835,17.099857,0.08949863
4504,63.37452,21.346434,15.055619,0.22343144
4692,58.26467,30.411884,9.427478,1.895969
2826,86.19889,0.0,13.696124,0.1049833
287,79.89367,5.809417,14.231547,0.0653655
1869,86.741905,0.0,13.16784,0.09025226
3114,84.026,0.0,15.846216,0.12778014
3625,80.61548,2.058487,17.243055,0.0829764
2312,85.05929,0.0,14.916418,0.024296386
4923,75.43166,9.339655,15.147048,0.08163294
1618,83.74461,0.0,16.14913,0.1062514
994,85.15808,0.0,14.803511,0.038411364
1803,62.91529,22.002724,14.212333,0.86964834
2642,76.09273,10.249372,13.306959,0.3509332
4802,84.9342,2.7440722,11.433944,0.88779134
3535,85.5251,0.0,14.445323,0.029570356
4831,84.35169,0.0,15.608652,0.039661914
3911,58.336292,30.456778,9.132477,2.0744483
2107,81.615105,4.2985635,13.691468,0.39484984
3044,79.48536,4.726571,15.643658,0.14440498
416,84.409874,1.1879443,14.2795515,0.12262912
977,59.772034,28.988033,10.157702,1.0822282
2417,86.18943,0.0,13.810566,0.0
505,72.34681,13.06936,13.922816,0.6610145
4152,84.50738,0.0,15.471201,0.021425644
4255,85.534355,0.38614038,13.968968,0.110535614
3941,85.53394,0.0,14.427635,0.038421467
414,81.488075,3.2282758,15.039088,0.24456453
4148,79.873886,5.7273903,14.27864,0.12008161
1183,85.96549,0.0,14.0136795,0.020838846
485,85.121414,0.003395833,14.804986,0.07019476
893,78.04393,6.254615,15.416209,0.2852388
805,81.81946,3.6126416,14.426796,0.14111224
555,85.7216,0.0,14.128004,0.1503953
3825,78.96813,6.821957,13.949913,0.25999993
1197,80.83265,3.5518382,15.439658,0.17585649
4253,85.10571,0.0,14.894287,0.0
4058,79.50713,3.253436,17.18041,0.05902049
1293,64.15374,21.569983,13.173866,1.1024077
2221,69.66253,16.061697,13.863298,0.41247177
3504,87.26961,0.0,12.712871,0.017521298
3654,68.73228,19.377283,10.397688,1.4927474
4758,73.37906,11.068194,15.178265,0.3744836
3006,83.35594,0.0,16.581367,0.06268828
2093,78.812996,7.0109634,13.851498,0.32453787
2187,80.381584,9.916884,9.701533,0.0
3036,84.89482,0.0,15.105181,0.0
3918,67.31417,18.084959,14.043005,0.5578616
1272,86.691444,0.0,13.10862,0.19993542
290,84.24177,0.0,15.758239,0.0
4827,78.09242,6.6886263,15.018527,0.20041876
252,84.052345,0.0,15.94765,0.0
3245,81.20217,6.0352197,12.120775,0.64183563
350,83.7731,1.7357893,14.393389,0.097724594
1187,66.50119,19.069292,13.882397,0.5471177
1961,53.55928,35.17893,8.693437,2.5683553
422,84.78904,0.0,15.210964,0.0
90,73.51863,12.196694,13.910024,0.3746473
3729,59.243454,29.460499,9.474432,1.8216245
2236,82.44938,2.272971,15.196546,0.08110533
670,80.10128,7.4164233,11.938486,0.54380965
3040,85.63487,0.0,14.253633,0.11149785
26,81.40342,6.0872903,12.111676,0.39761564
429,85.10203,0.0,14.78893,0.1090366
683,84.42265,0.0,15.538833,0.038514208
4463,86.643845,0.0,13.356156,0.0
3945,84.45941,0.0,15.540588,0.0
3523,50.202568,39.509037,8.771027,1.5173703
1541,81.557556,4.2891016,13.932337,0.22099814
2031,69.962814,19.24112,9.654597,1.1414615
2232,84.797585,0.0,15.138279,0.06413868
4120,75.793236,10.231173,13.588551,0.38703766
3235,85.58547,0.0,14.294002,0.120530985
254,64.82344,25.170078,9.322409,0.68408316
1029,86.365036,0.0,13.608917,0.026041787
4392,88.11035,0.0,11.584428,0.30521736
3800,59.51235,26.6789,13.1416025,0.66715664
4310,75.21088,10.444668,14.074297,0.2701526
2509,85.09277,0.0,14.907222,0.0
2292,85.25158,0.0,14.71563,0.032790903
1323,79.16848,6.5689363,13.925973,0.33661228
1550,49.733795,35.634083,13.712886,0.9192374
4647,85.83242,0.0,14.118578,0.04899911
315,85.86547,0.0,14.079671,0.05485709
1242,85.31152,0.0,14.688474,0.0
2450,60.285717,29.315355,8.982873,1.4160568
1578,68.19446,17.208557,13.859534,0.73744756
4625,79.19934,3.9786768,16.6894,0.13257486
3116,74.74821,14.538595,9.978793,0.7344084
69,59.637825,26.314236,13.087447,0.96049356
859,86.80184,1.1683147,11.759417,0.27043337
2753,73.229805,11.328373,15.2496605,0.19215901
1632,86.57529,0.0,13.365377,0.059330456
1650,77.80774,7.7918425,14.060826,0.33959442
3860,68.47987,16.842136,13.670943,1.0070543
3106,81.196266,4.7344384,13.597788,0.47150993
1074,59.661545,27.35742,12.113258,0.8677779
4001,86.421715,0.0,13.5466795,0.031603992
787,78.04635,6.3347025,15.439348,0.17959923
2605,87.20746,0.0,12.792285,0.0002497052
3630,84.94063,0.0,14.856995,0.20237717
2121,82.949295,4.213759,12.314911,0.52203804
1874,81.29629,5.9098015,12.055247,0.7386675
811,68.316734,18.65384,12.100046,0.9293897
387,83.726494,0.0,16.17586,0.09764516
2882,55.22517,32.382034,11.142695,1.2501075
1175,86.01926,0.0,13.950785,0.029953388
3197,62.591362,26.674208,8.477581,2.2568505
2623,83.59561,2.244631,14.064595,0.095164895
1351,82.80466,1.8778896,15.224439,0.093008116
410,65.806366,20.39904,13.451508,0.34309158
4212,85.1589,0.0,14.841101,0.0
109,85.57526,0.0,14.36434,0.060400147
4995,84.2462,1.7563035,13.945961,0.05153722
3429,77.36333,7.1866775,15.332567,0.117428415
2809,82.23537,2.644273,14.892766,0.22759789
2594,81.76985,6.389843,10.238243,1.6020596
2836,71.81515,12.88546,15.069458,0.22993262
2372,56.267666,30.800953,12.703407,0.2279744
1235,85.63883,0.73050076,13.499983,0.13068336
2146,86.36861,0.0,13.556788,0.074607104
4975,82.85503,1.5591462,15.580644,0.0051800287
599,85.39893,0.0,14.50568,0.09538666
1434,82.074165,1.0652529,16.738337,0.12225101
4996,85.116646,0.0,14.736902,0.14645277
538,80.31885,3.8608487,15.54606,0.2742406
721,70.4049,15.235623,13.778564,0.5809169
4410,82.925026,2.8235385,13.944941,0.30649123
1872,74.30315,14.017421,8.679796,2.999643
2845,87.31573,0.0,12.684272,0.0
2053,74.605705,10.512414,14.512375,0.3695036
2907,74.98694,8.568514,16.310026,0.1345168
2254,72.9081,12.697649,13.838164,0.55608046
3912,81.1104,3.3623743,15.402291,0.12493289
177,73.74749,10.230964,15.915172,0.106374085
2890,86.16255,0.0,13.60766,0.22978419
3673,85.211685,2.9951334,11.51283,0.28034475
80,58.319862,28.238895,11.857256,1.5839806
2561,84.96098,0.0,15.039018,0.0
1723,78.25979,5.904732,15.728889,0.10658799
1617,56.364803,30.276897,12.20445,1.1538472
1654,74.62676,11.190774,13.843309,0.3391611
2328,86.94895,0.0,12.994817,0.056235876
4613,75.50358,9.190261,15.138404,0.16776189
221,70.212425,15.291822,14.305025,0.1907261
93,57.478405,31.482141,9.210755,1.8286954
2609,85.23296,0.0,14.600576,0.16645603
3382,87.39772,0.0,12.602282,0.0
4415,63.690365,23.532541,11.787467,0.9896272
1397,55.65145,29.863167,14.161123,0.32426593
4686,75.98347,12.8792,10.449061,0.68826795
1292,67.03321,19.514658,11.905919,1.5462056
2164,73.82914,13.657088,12.121271,0.39249632
2939,62.74348,25.271713,10.060287,1.9245172
3668,86.5001,0.0,13.306673,0.19323063
812,69.59636,16.110588,13.8236885,0.46935982
1258,59.852345,27.696737,10.093698,2.3572276
889,85.038795,0.0,14.866863,0.09433288
1451,55.534225,33.76324,9.75655,0.9459812
3316,68.03535,19.927063,10.0358305,2.0017636
2559,86.67115,0.0,13.122413,0.20643428
3574,68.76541,15.6531725,15.499542,0.08187995
2680,86.05811,0.0,13.740286,0.2016053
4651,75.06015,12.301224,12.2245655,0.41406223
4811,75.07111,11.751479,12.3017025,0.87570363
4679,64.32221,20.337008,15.305337,0.035434984
2964,86.36929,0.0,13.630708,0.0
2672,49.86426,37.762295,10.783535,1.589903
561,85.39343,0.0,14.598483,0.008088103
2778,86.26983,0.0,13.710053,0.02012615
2948,80.71171,6.621331,11.994862,0.6720963
2817,85.412,0.38558805,14.146312,0.056105636
2758,79.5805,6.113664,13.871233,0.43460694
1756,69.64573,17.22,12.301436,0.8328343
724,85.287506,0.0,14.712495,0.0
219,77.39622,7.413455,15.083319,0.10700861
4139,85.49177,0.4215142,13.864617,0.22210313
3957,74.6485,9.628171,15.331089,0.39223632
1588,81.28656,3.1533058,15.434604,0.1255281
3347,76.420425,10.6722355,12.281092,0.62624216
3970,75.39333,11.736327,12.491381,0.37895036
4707,84.37542,0.0,15.576272,0.048304226
43,65.32158,21.91687,11.6544895,1.1070563
3001,81.52337,2.335393,16.141232,0.0
210,85.21774,0.8137923,13.711696,0.256765
677,61.317318,28.042799,7.839731,2.8001554
354,61.20786,26.461777,11.55133,0.7790333
1433,86.20942,0.0,13.785934,0.00464733
949,86.496315,0.0,13.503681,0.0
2843,64.6489,22.089872,11.959377,1.301844
577,86.87119,0.0,13.128807,0.0
3928,84.68497,1.3692147,13.842121,0.10369459
544,76.51053,10.617593,12.194809,0.6770767
367,85.900314,0.0,14.099686,0.0
1612,74.10288,11.721402,13.619688,0.55603176
3550,77.531746,7.38221,15.026114,0.05993747
3716,81.93551,2.8182428,15.095292,0.15095513
3779,54.90147,33.535503,9.2099495,2.3530743
135,84.718475,1.1844739,13.909684,0.18736243
4480,83.815125,1.170109,14.9154825,0.09929463
1437,71.20731,14.335134,13.877024,0.5805231
47,85.098,2.4468832,12.198673,0.2564356
1360,84.69599,0.0,15.2478,0.0562089
734,86.47798,0.0,13.522011,0.0
1534,51.553547,37.32453,9.467159,1.6547656
2004,86.24756,0.8270249,12.581022,0.34439877
3795,69.4093,18.35303,11.393628,0.84405243
2519,82.503006,5.114283,11.72496,0.65774715
1972,49.68765,40.256542,8.64584,1.4099698
996,71.02015,13.425006,15.347809,0.20704591
61,85.993706,0.0,13.829202,0.17708632
1108,45.376156,41.584156,12.157425,0.8822686
2405,53.16907,33.573112,11.970491,1.2873228
95,48.36319,37.16659,14.001322,0.46889833
478,68.82582,17.818768,12.927961,0.42744642
4359,85.70288,0.012791659,14.036545,0.24777874
4112,74.81367,12.505731,12.404025,0.2765821
3707,85.90807,0.0,14.062795,0.029131161
1101,75.18755,10.818503,13.490838,0.50311196
2746,86.50296,0.0,13.435927,0.06110873
2170,63.148224,24.241716,11.858278,0.7517728
322,73.92936,11.469695,14.108999,0.49195373
4254,84.23858,0.62775517,14.90297,0.23069187
3142,77.86768,7.4003234,14.633203,0.09878975
3537,84.81813,0.0,15.014749,0.16712485
4925,85.03097,0.0,14.969031,0.0
2924,72.73151,13.035605,13.847691,0.38520133
1149,84.858635,0.0,15.099192,0.042183302
3617,77.71501,6.997008,14.978647,0.30932504
291,86.03487,0.0,13.795835,0.16929771
3749,85.26536,0.0,14.706814,0.027830273
3586,85.62682,0.0,14.015939,0.35723406
533,86.64536,0.0,13.280622,0.07401266
3607,71.68491,14.850736,13.025014,0.43934035
2648,78.77314,10.886548,9.691154,0.6491601
4810,85.49161,2.576106,11.387902,0.5443799
1983,71.92955,15.3449745,11.599657,1.1258162
2932,80.60532,7.218232,11.618073,0.5583679
1536,85.39217,0.0,14.59514,0.012690197
4534,84.389275,0.0,15.4863205,0.12439856
4172,64.4969,23.097996,11.51428,0.8908163
3360,86.455795,0.0,13.5442,0.0
3665,69.10697,18.79994,10.397096,1.6959882
4005,77.8614,10.47591,11.371846,0.29083976
3626,65.27005,24.20829,8.798868,1.7227961
586,78.988594,6.3501315,14.532068,0.12920764
3256,85.85203,0.0,14.147978,0.0
2298,54.172306,33.681957,10.565361,1.5803659
3988,76.7721,12.352458,10.280385,0.59505564
584,61.690964,26.956966,9.876292,1.4757814
2423,75.950356,8.754935,15.232732,0.06197718
1391,71.79621,15.444335,11.923441,0.8360111
4525,85.8824,1.1404946,12.66692,0.3101863
4920,56.787807,27.78362,15.243004,0.18556708
4800,85.560905,0.0,14.439093,0.0
3240,77.337776,10.417469,11.472824,0.7719243
4281,88.095406,0.0,11.519589,0.38499677
3338,79.04314,6.185719,14.673861,0.09727552
3220,85.46706,0.0,14.452426,0.08052495
2111,74.69512,10.964487,13.784107,0.5562742
1174,72.755936,10.646922,16.356352,0.24078766
4862,60.372566,24.812443,14.206404,0.60858905
3811,66.54696,19.15429,13.797818,0.50093544
1867,68.183586,16.983307,14.6193075,0.21379893
2614,84.95141,0.0,14.967563,0.081030644
3866,86.29903,0.0,13.697473,0.003496287
4885,68.00252,18.735611,12.826869,0.43500638
3778,82.15616,3.5479963,13.901602,0.39424285
3846,75.045845,10.607692,13.713527,0.63293105
2416,57.93525,27.145899,14.740822,0.17802285
70,84.3714,0.0,15.534933,0.093671754
4880,87.20727,0.0,12.770785,0.021940898
1126,83.17528,2.8454077,13.78693,0.19238505
4024,69.956535,14.146855,15.252344,0.6442682
3250,68.97699,14.352476,16.576214,0.09432054
3901,76.67361,9.7372675,13.05835,0.53077245
1095,84.66273,2.9396794,11.744872,0.65271354
4545,71.82074,15.58173,11.57208,1.0254484
1212,43.938194,45.34938,8.467887,2.244525
3921,88.296524,0.0,11.547509,0.15596491
1425,85.89914,0.0,13.886772,0.21409881
3066,87.3995,0.0,12.548515,0.051992234
4519,70.97236,15.461181,12.837204,0.72925675
2100,84.046875,0.0,15.834286,0.118843794
807,69.4436,17.820541,11.57587,1.1599884
4743,84.24959,0.0,15.750414,0.0
3750,77.11772,8.6231575,13.958022,0.30109787
1362,69.448524,13.119751,17.043354,0.38836938
2317,85.4324,0.0,14.462717,0.10487677
4581,84.92855,0.0,15.071453,0.0
4741,86.540726,0.0,13.459277,0.0
1025,86.794754,0.0,13.116238,0.089008525
3109,72.745186,12.484373,14.6174135,0.15302542
2110,87.94662,0.0,11.701449,0.35193586
1041,86.11403,0.0,13.88597,0.0
1876,76.88837,7.541818,15.208637,0.3611788
881,86.64287,0.44039157,12.563539,0.3531975
4299,87.36025,0.0,12.590625,0.04912403
1192,85.93802,0.0,14.061981,0.0
4587,48.382866,39.268364,11.366908,0.98185754
4510,80.91821,8.452672,9.936075,0.6930446
3670,71.799904,17.743078,9.808464,0.6485546
624,79.64424,5.892724,14.196746,0.2662798
2796,72.849464,12.705231,13.90629,0.5390109
4291,74.25023,11.117293,13.678859,0.9536147
4968,84.13299,3.8640175,11.561021,0.4419801
233,86.889854,0.0,13.064724,0.04542955
4566,85.74645,0.5046983,13.484788,0.2640505
1662,71.642975,16.497469,10.330025,1.5295384
415,85.965866,0.0,14.030022,0.0041134637
4246,84.99467,0.0,14.95261,0.05271747
2173,87.035706,0.0,12.938304,0.025993193
1456,70.14396,15.239573,13.603174,1.0132991
746,65.29962,21.298216,12.908745,0.49342072
17,86.40895,0.0,13.550059,0.040989377
1200,85.1182,0.0,14.802088,0.0797094
1699,62.201794,23.335613,13.839393,0.623202
3253,66.36502,20.52368,12.117408,0.99388593
596,85.24234,0.0,14.690432,0.067228705
3226,87.19561,0.0,12.716164,0.088228785
4405,63.259888,26.81764,8.919709,1.0027589
4719,81.59706,3.124209,15.185576,0.09315984
1505,83.29243,1.6961854,14.979116,0.032262914
1412,86.409676,0.0,13.5903225,0.0
1965,85.14085,0.0,14.75503,0.10412496
371,66.41697,19.180086,13.838977,0.56396496
1340,86.219795,0.0,13.739652,0.040554382
598,86.52866,0.0,13.4122715,0.059063114
238,85.70064,0.0,14.299364,0.0
3400,81.70546,2.5058918,15.607423,0.1812161
2067,85.035286,0.0,14.865276,0.09943493
810,86.10122,0.0,13.818818,0.07996742
1094,86.1261,0.0,13.820942,0.052961107
4324,85.735115,0.0,14.213769,0.051108323
4760,65.81594,19.614273,13.792734,0.7770543
3676,63.659866,22.92555,12.236744,1.1778432
3464,86.4145,0.0,13.585496,0.0
3103,65.69078,19.651615,14.469923,0.18767823
2749,68.24039,17.466185,13.551037,0.74238795
2295,65.47024,23.238104,10.220064,1.0715957
4192,87.19498,0.0,12.805028,0.0
3708,84.77376,0.6301579,14.53436,0.061726924
3018,65.29934,19.026628,15.487703,0.18632379
4252,63.45522,23.385126,12.126969,1.0326886
803,82.31511,4.862081,12.126109,0.6967016
4190,84.4343,0.0,15.300505,0.26519734
3705,84.616486,1.3063301,13.91045,0.16673143
751,87.31228,0.0,12.648381,0.03934733
4644,84.34654,0.0,15.559854,0.09360703
2531,86.130905,0.0,13.849939,0.019153967
621,59.299217,28.488365,10.921826,1.2905866
2297,64.332054,22.908875,11.832299,0.9267695
3828,87.63797,0.0,12.194842,0.16718498
566,84.93872,0.0,14.794559,0.26672405
1135,79.62304,3.3518844,16.719587,0.30548325
1204,86.25269,0.0,13.747305,0.0
1047,70.26394,14.859006,14.727704,0.14934655
51,85.86092,0.0,14.134711,0.0043631247
3651,64.12818,24.292818,9.824005,1.7550097
1044,73.11487,12.732127,13.7172985,0.4357039
2181,86.23827,0.0,13.658232,0.10349142
2688,85.94803,0.0,13.843025,0.20894156
534,86.527405,0.0,13.410318,0.062278938
3184,68.50945,18.857773,9.998017,2.634756
3857,76.7419,11.214848,10.098096,1.9451561
443,69.12104,14.012443,16.468899,0.39761853
3604,82.80649,3.0063548,14.0402775,0.1468857
195,64.65895,24.513775,8.870543,1.9567237
1115,85.36743,0.0,14.632565,0.0
765,78.98537,6.3850164,14.504586,0.12502162
1945,84.98388,0.0,14.937162,0.0789592
3247,81.22806,2.581591,16.099274,0.09107503
3002,76.617805,10.560376,11.970504,0.8513194
1432,86.503494,0.0,13.4520235,0.04448017
4200,86.139435,0.0,13.860559,0.0
3095,86.22892,0.0,13.674808,0.09627419
2922,67.73065,20.495348,10.37201,1.4019874
644,77.83117,8.141184,13.766675,0.26097396
1049,81.6871,2.3735318,15.841568,0.09780201
3745,86.12961,0.0,13.707023,0.16336955
4093,83.60688,0.0,16.133116,0.2600003
4403,86.39342,0.0,13.44404,0.1625435
120,82.05775,2.2720315,15.600999,0.06922774
2052,86.21568,0.0,13.784311,0.0
4258,86.2606,0.0,13.685602,0.05379522
4888,79.444016,3.308463,17.1202,0.12732877
4334,85.15343,0.7157686,14.085155,0.04566206
4691,52.340168,32.629925,13.98139,1.0485119
134,75.01659,9.148657,15.655461,0.17929251
2460,86.04599,0.0,13.954006,0.0
1954,78.34372,9.353099,11.656313,0.64687186
2463,77.931526,10.643866,10.331106,1.0934979
184,78.972336,6.8052025,14.07431,0.14815104
1392,59.596897,26.49669,13.247456,0.6589624
2276,86.75297,0.0,13.080785,0.1662457
511,87.29651,0.0,12.646407,0.05708295
4729,86.86535,0.0,13.101378,0.03327474
4054,75.50049,9.178659,15.119502,0.2013538
3137,73.38378,12.308569,13.860363,0.44728896
2669,83.415436,0.0,16.48833,0.09622627
4773,80.60081,5.287826,13.890104,0.22125812
4861,84.668365,0.0,15.324124,0.0075050374
2117,80.653175,5.580097,13.396974,0.36975193
251,85.417465,0.33692265,14.121823,0.12379436
3526,86.05355,0.0,13.887101,0.05934161
3559,78.99149,7.000416,13.692613,0.31547487
4011,72.02276,12.820862,15.075895,0.080482475
1507,76.124626,8.282707,15.375545,0.21712482
122,80.44627,3.9695053,15.3109,0.27332523
4259,75.450424,8.247864,15.885536,0.41616765
3333,85.156715,0.0,14.843281,0.0
1871,78.57325,5.868092,15.49937,0.059285365
3692,83.40168,0.0,16.598324,0.0
567,86.20976,0.0,13.639246,0.15099855
1371,87.22387,0.0,12.776128,0.0
3185,86.6615,0.0,13.244888,0.09360935
3955,83.81281,1.0158199,15.0644865,0.106879905
1056,70.95422,14.6096115,13.803157,0.6329997
856,55.17357,32.130432,11.512754,1.183249
3838,70.35875,16.0567,12.961544,0.62301654
2860,70.16237,16.720785,12.295532,0.82131773
4769,83.82432,0.0,16.118124,0.057562493
776,86.60217,0.0,13.397828,0.0
720,86.547935,0.0,13.351952,0.10011676
2710,86.11275,0.0,13.732731,0.15452923
2654,60.761215,24.681435,14.201492,0.3558672
4877,78.37065,6.97646,14.297204,0.35567904
602,64.57499,22.406244,11.915854,1.1029046
3822,62.747425,22.006866,15.071251,0.17445843
1244,77.4808,9.381075,12.358405,0.77972466
4845,87.02541,0.0,12.8970995,0.07748272
4841,59.76324,29.38143,9.774021,1.081311
318,74.83943,11.866793,12.942523,0.35125583
828,48.123978,40.61784,9.518717,1.7394586
3263,76.76747,8.633605,14.101929,0.4969915
274,75.02015,12.80686,10.08694,2.0860488
2664,69.58249,17.273537,12.594088,0.5498782
549,82.36994,3.6021824,13.834093,0.19378181
3641,82.928604,0.0,17.002464,0.06893386
4053,85.02534,0.0,14.974655,0.0
4892,70.18695,14.88892,14.7207575,0.20337564
2934,80.16734,5.3425817,13.843706,0.6463643
605,87.323296,0.0,12.676704,0.0
896,55.96806,33.172382,9.874903,0.9846456
527,85.8049,0.0,14.151762,0.043333992
4607,82.62808,2.592785,14.675927,0.10320553
2347,85.44193,0.38891035,14.0091715,0.15997846
3439,82.88022,0.6802098,16.435974,0.0035958933
4998,81.240425,7.570099,10.496727,0.69274575
4826,85.34735,0.0,14.603019,0.049625296
3922,60.227196,27.177507,10.885904,1.7093867
298,48.408077,41.285007,8.241868,2.0650487
2119,81.03153,4.918683,13.743822,0.3059708
2536,86.47503,0.0,13.407603,0.11735722
4203,78.93378,5.6836863,15.124869,0.2576689
3254,83.04493,0.0,16.955072,0.0
3725,84.30495,0.0,15.15734,0.53771263
1260,86.95232,0.0,12.987892,0.059795957
1558,81.288925,6.3369074,11.6704445,0.70372367
3269,86.094025,0.0,13.787563,0.118407354
4046,59.593063,27.640257,10.952276,1.8144071
756,82.95599,2.0118165,14.882088,0.15010352
1010,72.99602,16.141985,10.545524,0.31647488
2794,88.742004,0.12409254,10.921984,0.21191877
2905,85.71674,0.0,14.261444,0.021808006
1870,74.30358,11.166863,13.859156,0.6704022
2229,62.872864,22.103054,14.693129,0.33095253
1173,75.59015,12.4774685,10.070112,1.8622767
1832,69.24827,18.072971,11.976909,0.70186096
376,83.892166,0.0,16.02641,0.0814212
3853,78.832504,5.9243455,14.831084,0.41205782
3616,86.74944,0.0,13.18908,0.06147947
798,81.03317,2.2188473,16.49261,0.2553666
378,57.658325,29.650787,11.353558,1.3373301
1158,77.48798,7.198258,15.213387,0.10037644
3819,53.741528,34.05596,10.568948,1.6335647
2792,67.043076,21.424639,10.283009,1.2492721
2240,85.3911,0.0,14.564707,0.04419142
4035,85.0841,0.0,14.894211,0.02168873
2662,86.459816,1.3730091,11.654561,0.51261497
4012,84.81311,0.0,15.128022,0.05886879
2957,81.771355,3.925691,14.112933,0.19001897
3927,85.99216,0.0,13.662638,0.3452002
1038,86.1418,0.0,13.849683,0.008514284
3259,62.463684,25.704828,10.333846,1.4976388
1344,79.4483,8.366811,11.292398,0.8924802
2505,85.90771,0.06109628,13.987726,0.043470595
1721,84.795784,0.0,14.268945,0.93526626
4663,73.98682,10.956576,14.69965,0.35694999
175,85.8798,0.0,14.108968,0.011240088
4893,84.2848,0.0,15.715209,0.0
1909,75.53234,11.602441,12.490742,0.3744769
45,85.47712,2.5384686,11.329177,0.6552336
3409,49.705566,37.543705,12.345211,0.40551895
4674,85.52213,0.44386032,13.869427,0.16457902
1075,86.67724,0.0,13.259008,0.06375272
2829,88.32315,0.0,11.637065,0.039787307
1504,70.287,16.253553,12.542741,0.9167098
2309,71.06417,16.259756,11.881892,0.7941774
1436,86.97836,0.0,12.937249,0.084388554
2418,73.18627,10.787011,15.927678,0.09904394
3986,65.188995,20.964455,13.177666,0.6688798
3098,86.47444,0.0,13.483127,0.042430274
4588,80.84517,3.9138563,15.146502,0.09447285
283,68.32634,17.17423,14.213907,0.2855244
4918,85.51852,2.5542114,11.287884,0.6393949
842,75.7397,10.223947,13.717219,0.31913906
1513,79.141014,5.491279,15.160087,0.2076204
1168,84.9716,0.0,15.013151,0.0152358115
1592,61.781734,25.17918,12.519583,0.5194986
3460,83.37137,1.17327,15.320624,0.13472985
3165,86.24326,0.0,13.62311,0.13362344
2284,82.4239,4.8230863,12.049568,0.70344853
3575,81.26116,4.400198,13.846034,0.49261135
4870,62.013428,25.068075,11.7804365,1.1380551
2305,77.2375,8.766131,13.668137,0.32822183
952,85.731575,0.0,14.249736,0.018694645
4942,70.58124,16.532425,11.823275,1.0630635
3053,86.81327,0.0,13.087893,0.09883592
4559,83.24942,4.708599,11.498347,0.5436309
2685,85.82251,0.0,14.177484,0.0
1489,71.5987,13.795087,13.966417,0.6397985
927,72.47998,14.360948,12.752706,0.40636286
1209,55.036366,32.86478,10.891099,1.207756
3973,87.41961,0.0,12.580393,0.0
3545,56.91347,31.309938,10.333648,1.4429384
4361,67.16591,18.532368,13.800888,0.50083137
1921,66.708786,20.360004,11.928068,1.0031468
351,67.847374,17.62648,14.191667,0.33448
4898,85.07944,0.0,14.893985,0.026576225
3393,79.640625,5.7425065,14.517564,0.099295065
2721,79.65724,8.233773,11.415603,0.6933803
4981,87.16448,0.0,12.439379,0.39614114
718,61.899418,23.82135,13.715609,0.5636291
2702,69.3135,16.47829,14.033779,0.17443255
2722,53.00188,33.79478,12.097278,1.1060601
4561,84.32888,0.0,15.640873,0.030248417
308,84.35852,0.0,15.525413,0.116073325
1675,80.345856,5.267728,14.023651,0.36277166
833,81.561775,4.1501713,14.086944,0.2011149
366,82.04609,2.9112291,14.946179,0.09649917
4506,81.247505,5.9764605,10.381875,2.3941631
2078,85.60317,0.0,14.383806,0.013017854
4038,84.98353,0.0,14.972964,0.043504436
4846,69.10259,15.7913685,14.131559,0.97448164
4479,62.619705,23.822042,12.4529705,1.105279
1746,55.078922,32.24277,11.588374,1.089926
19,34.65357,54.908,9.032425,1.4060057
1322,75.53224,10.781319,13.324491,0.36196145
3567,75.81917,10.071525,13.747351,0.36195448
2521,51.539932,33.90106,13.93448,0.62452507
218,85.27339,0.49548388,14.04198,0.18914211
1487,62.052692,25.109312,11.409335,1.4286628
438,57.045586,29.663464,12.198244,1.092714
4174,81.595245,4.0323377,14.005609,0.36680856
2750,84.3535,0.0,15.540836,0.105659895
3288,64.58523,23.272821,11.670492,0.4714605
3433,84.66414,0.0,15.294012,0.04185693
2525,86.19419,0.0,13.774404,0.031405494
4650,85.3697,0.4234247,13.940581,0.26629806
3688,65.11235,21.712734,12.694375,0.48053333
2763,86.355125,0.0,13.64487,0.0
802,83.78909,0.0,16.210907,0.0
2997,76.01367,9.709783,13.994296,0.28225252
2228,82.86366,5.3476224,11.227312,0.5613911
4785,72.43788,13.970452,13.112643,0.47902024
2077,85.951904,0.0,13.777764,0.27033314
582,86.05684,0.0,13.943159,0.0
203,86.5218,0.0,12.975139,0.50306165
4346,68.46397,19.854567,10.37831,1.3031574
3478,85.76443,0.0,13.992113,0.2434622
2929,87.16744,0.0,12.832557,0.0
3085,68.89605,16.441418,14.317044,0.34548655
1018,63.5225,24.003988,11.514997,0.95852065
1583,85.39637,0.0,14.498748,0.10488162
1032,78.43415,7.606832,13.747795,0.2112248
1718,75.41314,9.531436,14.933613,0.12181053
1281,75.50727,8.548198,15.6425495,0.30198517
2498,81.14898,3.6476896,15.042159,0.16118181
3350,52.81964,33.30595,13.304763,0.5696493
517,83.552124,0.0,16.388203,0.0596833
1747,79.07269,6.302671,14.523045,0.101589054
4652,74.27562,11.479948,13.770467,0.4739632
3732,86.54575,0.0,13.454252,0.0
668,86.60413,0.0,13.287104,0.108757615
4059,84.96715,0.0,14.941895,0.090961464
3026,77.92393,7.7429533,13.922206,0.41091746
4932,73.940254,14.535827,10.217243,1.306675
3286,81.9445,3.7361007,14.297262,0.022130217
2650,66.16925,20.892292,11.878428,1.0600309
4453,86.31186,0.0,13.631889,0.05625381
3192,64.72202,24.016829,10.242421,1.018716
2124,85.55667,0.0,14.345881,0.09745033
3375,72.102806,12.604954,15.03841,0.25383386
3392,85.72629,0.0,14.086289,0.1874248
3485,85.66427,0.0,14.335733,0.0
759,83.27188,0.0,16.712418,0.015700804
3379,85.305534,0.0,14.675802,0.018655859
4440,47.412235,39.60161,11.960582,1.0255744
2526,67.84653,17.888494,13.665385,0.5995934
4858,48.98475,38.44111,12.104763,0.46938375
907,79.13199,7.074224,13.259583,0.53419334
2683,81.278854,3.266707,15.221058,0.23337685
214,84.51841,0.0,15.481589,0.0
3331,87.954544,0.0,11.717573,0.32787699
4458,84.77481,0.0,15.225187,0.0
693,47.5549,39.127335,12.267,1.0507692
1503,71.46457,16.488129,10.162499,1.8848048
2414,81.18993,4.082145,14.719362,0.008556696
2118,86.488686,0.0,13.511313,0.0
3858,64.43205,22.223291,12.635274,0.70937747
2462,77.60197,7.7712374,14.274057,0.35272923
3635,83.99399,2.064295,13.805408,0.13631353
4105,68.706505,17.428812,13.325064,0.5396144
4478,88.13957,0.0,11.69948,0.16094884
196,53.197014,35.30921,9.120224,2.3735557
4667,78.07573,9.836696,11.240953,0.8466244
1543,78.68733,6.988296,14.045151,0.2792208
1330,85.235825,0.0,14.719536,0.04464684
879,82.436165,5.3089714,11.700806,0.5540615
4502,75.14328,12.40475,11.65752,0.7944561
3501,82.76761,2.9738848,14.029964,0.22854249
3894,70.63591,15.193136,13.643246,0.52771395
4990,86.10725,0.0,13.846506,0.046241943
887,72.81905,11.581571,15.515799,0.08358152
1345,87.26168,0.0,12.718159,0.020161126
68,70.938095,14.575718,13.964243,0.5219416
4210,86.36305,0.0,13.63695,0.0
1815,64.10268,24.616098,9.60006,1.6811589
568,86.297516,0.0,13.605003,0.09748863
2167,52.050926,37.453453,8.96376,1.5318618
96,63.19198,24.232235,11.380081,1.1957092
4181,87.58473,0.0,12.415265,0.0
3353,87.68189,0.0,11.881057,0.43704963
139,75.88051,10.840114,12.556909,0.722464
4954,86.32024,0.0,13.610972,0.06878658
2602,85.241806,0.0,14.650279,0.10791715
4023,84.43737,0.0,15.562624,0.0
4772,84.00939,0.7831082,15.12098,0.0865147
1606,86.77134,0.0,13.205317,0.02334211
1629,70.09725,19.12631,8.744593,2.0318563
1539,69.72593,15.841387,13.909377,0.5233029
1694,83.74327,0.0,16.09833,0.1584023
2059,66.72112,17.811659,15.259832,0.20738985
463,84.53314,0.0,15.441648,0.025209758
2330,85.871155,0.0,14.104922,0.023920873
3043,83.94975,0.0,16.05024,0.0
4734,85.37601,0.0,14.571465,0.052523274
594,84.51543,0.0,15.35656,0.1280109
3814,82.627144,1.8324126,15.356651,0.1837871
625,55.79727,31.57097,11.686923,0.9448323
450,84.738266,0.0,15.261732,0.0
1499,86.23383,0.0,13.766161,0.0
2456,87.06994,0.0,12.869043,0.06101294
4722,84.339264,0.0,15.637604,0.023133336
2984,86.249504,0.0,13.592392,0.15810981
1569,59.392704,30.102676,9.082886,1.4217352
1034,82.01873,2.3915977,15.497242,0.092424355
3518,72.63526,17.127987,9.84763,0.38911983
1557,77.59651,5.704351,16.298435,0.4007021
3624,85.61533,0.0,14.322562,0.062102377
4664,62.354816,24.377956,11.543029,1.7241979
150,84.84604,0.0,14.949462,0.2044977
1420,87.162094,0.74482256,11.663534,0.4295505
2011,86.744965,0.0,13.108376,0.14666028
2686,80.54128,7.3408284,11.338176,0.7797106
1786,86.127914,0.0,13.8524475,0.019643296
88,86.12891,0.0,13.729564,0.14153104
457,84.06662,0.0,15.872409,0.060964882
1305,75.5382,8.742345,15.533166,0.18628372
2925,85.715775,0.0,14.180427,0.10380043
3270,83.0319,2.788137,13.787561,0.3924052
3227,85.58528,0.0,14.4147215,0.0
1988,84.96084,0.0,14.958697,0.08046896
3754,85.832054,0.0,13.959716,0.20823579
3646,84.62248,1.2515682,13.976529,0.14941949
831,83.68072,0.0,16.319286,0.0
239,78.10724,7.4020596,13.932151,0.5585632
4681,83.20893,2.7025945,13.855661,0.23281847
3022,85.8204,0.0,14.085129,0.09447443
3148,85.98323,0.0,13.973202,0.043571044
1946,84.211266,3.8676128,11.476211,0.4449152
2775,82.16404,3.5142858,14.204852,0.11682126
192,86.23361,0.0,13.734094,0.032297887
4849,85.35501,0.0,14.56879,0.07619172
4939,84.07449,2.0862343,13.703587,0.1356832
944,83.16204,4.0812597,12.158922,0.5977774
1268,77.68317,7.8228936,14.210556,0.28338906
4231,60.391003,25.52452,13.817787,0.26669195
2307,84.48394,5.1547213,9.646163,0.7151803
4424,84.66553,0.0,15.275412,0.05906843
4711,80.68221,5.1754837,13.925357,0.21694526
2313,85.77138,0.0,14.220285,0.008336712
3214,71.226326,18.222015,9.555085,0.99658585
2732,85.48473,0.0,14.482212,0.033051744
1926,85.309845,0.605474,13.854788,0.22989076
